네이버ID,연결된 이웃 수,오늘의 방문자 수,누적 방문자 수
baby0817,126053,16257,98245176
hyleeyan,70208,7232,77637458
yummycook,127753,11371,69238367
chaihyoun,87681,14851,66776782
nong-up,65989,67250,65213684
witchyoli,116981,32448,52385123
jangmars,24062,10631,52328150
sol_2love,37940,32139,46184757
cooklhj,58936,13164,44120278
bongs1021,42304,39176,40407073
yoonjs3,35877,11156,39706836
djanus,43457,1487,38389354
aristata73,48437,5707,38271441
lljjyy1983,29228,8101,37410595
choco520,18392,0,36745512
yja305,38587,14057,35785737
museok27,43621,3300,35673805
ilovezzangv2,61012,14714,34840273
jsk3514,27699,5945,34826529
lovetogapyjs,15586,14768,32685328
04wlgus,57698,3222,32382048
mag01,35210,3375,31922857
0813dcba,8699,21773,31293930
jjaehhun,7697,10033,30602536
eunhwahaha,32573,2136,30061341
salee7908,27397,13146,29978400
gugu9416,18052,34411,29698407
homageu,13087,3154,28754977
yuiop1193,15706,9561,28430344
lotusms12,16697,1561,27351014
el512,49339,7548,26598122
kiyome24,14894,5623,26440061
ymgs1888,50008,1340,25446305
mijinkim80,27497,18709,25310317
howmany70,27928,4935,25184216
astalw,13162,940,25136379
yel_1004,26616,5576,25123689
ganet0306,20547,14167,25070274
nanacook,15060,2463,25003888
saakrang80,45880,12488,24946882
reser45,27606,8806,24835039
peace8012,15394,24092,24477836
kimbeaver,35815,2041,24245129
collier13,13070,11294,24240225
0807twins,34201,2866,24073551
is6867,26202,3351,24020018
beluga11,18602,30855,23344679
aldudcldud,26715,3012,23072022
sukha83,16946,5194,23049363
narawh,14976,3598,22434947
anfrlrl,17223,6941,22421008
gabin526,9822,14382,21674432
slyeon,20918,5975,20899880
hiinyoun,13561,1431,20742205
sunwly,16206,15244,20629420
bushcherry1,21948,14051,20544351
007crr,34402,2596,20371095
leekeumok,41892,5547,19597679
catseyesung,11735,6798,19247284
jenkong07,25071,10459,19232922
jihye7822,17737,7157,18839940
yee1036,8283,14773,18496856
zephyr122059,25284,8140,18398137
valueyey,13001,4566,18270494
marianne40,14161,7433,18152810
kkury6825,12817,7033,17754400
chez_sophie,34236,6128,17717123
teaser1,24395,3144,17343927
yoriteacher,77735,3649,17165185
psy9133,5991,15783,17118173
mildek,11576,17696,17059815
bluekey_7,8353,4648,17050681
bronnley79,11733,2110,17015421
hnn888,10377,8660,16899970
ivory27,27200,0,16872997
forichel,7595,322,16606072
dntkdsla,36595,1079,16329998
nemohj,14994,3733,16202353
lalacucina,10573,21139,15939763
bluevirtue,15156,1178,15361650
zoonam2,5220,3335,15336834
ghdlt86,7988,9503,15315594
yunhui1893,8339,1961,15269817
lcran,9999,15568,15025940
farbemaria,7077,4422,15000924
yunimoneta1,9779,14895,14746962
cutesiwoo,13916,14246,14716146
gentle0293,8955,6304,14647290
mh950621,22639,3771,14454074
pingu528,21589,5834,14374353
kiwisecom,13086,3453,14288453
king700203,33048,1523,14101281
jinni615,14637,8296,13788724
csm0227sm,10743,6187,13730390
samgu7942,6836,22451,13711589
nahlee8,13891,10217,13686854
rynkwon,24951,5855,13581906
soso7869,21501,11765,13422095
hsback2000,7662,1392,13375579
hitomi1228,11326,5582,13185522
ostwee,29142,3552,13088466
eui0903,12135,1755,13018053
freshtea,15958,5228,12939511
ever6486,4314,3217,12665585
yunian80,11843,532,12537799
tkmh1982,6502,8149,12282434
dalnangja,5623,7534,12271460
kko-maeng,9524,10813,12265800
cio629,8357,5415,11852307
cleostar,7389,3792,11756164
dhdmsdo79,5691,9837,11230875
pakcaptain,4744,18716,11050989
pyoun0181,9554,8614,10967011
graceus,7222,10495,10896686
redzacal,7914,1347,10799730
sundoong2,9385,7224,10713751
seohyun_9088,7007,6470,10683308
hyukme123,6009,303,10597196
dldudal0522,15672,1696,10490963
hwkmh,17007,0,10466609
livlong,10318,10951,10425256
se6323321,5355,10136,10320392
a0910102,10074,6865,10301843
sulflower,7601,5506,10111262
osn1201,11488,3105,10091068
lovely_rafre,8552,756,9850740
jingyoopark,6913,12845,9566614
jh2y3,9405,4309,9477543
zumdree,10030,6383,9303266
keum9261,11111,1239,9213425
poshlady,13429,604,9197696
sysjej0327,5371,1019,9161473
yium797979,7297,7038,9150454
7862978,3084,2137,9127120
jqueen105,3622,3103,9118329
mjda20,12064,3480,9108804
chefjhkim,14251,955,9049904
3010462,2851,4424,8973079
kkkkangta,9059,11800,8923091
daesunjujo,5050,3306,8876492
wkthdo,11621,1887,8861675
jaetoo56,10863,2752,8831051
saeragem,13811,2817,8829071
hee81hoo,14343,10028,8794106
totoro704,3641,2152,8713461
rkekqldi777,12114,3124,8713260
tangkwon,5061,3065,8669713
twoyeons0320,7137,11380,8627186
minimini0107,6751,6894,8610354
cookbad,16954,2177,8552951
wjdtj54,6884,4880,8524679
ju33423,8183,3024,8495188
danwoo47jh,6172,5716,8439124
androi_ssung,11011,8255,8384437
chyung1505,5902,8118,8380235
madamivory,18885,2149,8345944
dusdn0905,4106,1468,8258070
gksdnekr,7349,1274,8241410
lafleur7,10352,5324,8108509
poybw1004,4968,5198,8084338
jimini0_0,2618,24216,7984330
soli99,1785,867,7949500
cagycagy,8542,11859,7943144
hnkim72,4368,903,7896368
gilgirl,1862,4688,7880652
skli0612,5921,2867,7815468
jijiyoyo,7945,67691,7735064
yevley03,2774,6510,7681093
dusrhkdbs,5815,2184,7577785
realskin,2184,1813,7496489
koyunj0723,6072,3902,7433959
xxoung75,5267,971,7389026
ykkim9500,4104,6298,7366624
meekblue,4759,2770,7294699
lyk0914,3257,2780,7248498
freshianblog,14647,7863,7185129
icoopkorea,7545,2171,6997387
tessus,2396,3501,6975116
foodin0129,4616,19669,6968171
elliws,3114,4854,6857234
yunah0218,2744,2455,6848209
blogdanielland,9286,5820,6763712
lee700415,7190,4792,6736601
xgxg0667,5375,2079,6702737
mmaa87,5806,4122,6696575
gulsame,5653,471,6683581
i_love_living,15982,2281,6604128
ranyzz,2758,6312,6561386
kallilogue,7847,2164,6541453
kstencil,4568,5221,6474875
im_lime,1425,14580,6465441
anica891004,1628,8349,6445632
yeojinkim,3221,4919,6421933
djusti,6629,6295,6390461
kyungm2001,3291,6924,6338369
cong1121,15267,7340,6227999
142819xx,4983,12003,6211536
jutaeng84,1162,1594,6160872
leehumdinger,6115,3756,6131977
sohyun1989,2848,7785,6112107
son8199,6940,6021,6016635
wyu0509,4927,4075,5921587
chulwoo84,2378,728,5912413
adoreyouu,1444,1255,5879634
crispynote,13405,1611,5821893
hshinae,8787,543,5780338
lovelydam721,1439,1556,5646292
koreamof,9254,1117,5627142
rjf3639,1198,1094,5536622
casador,4203,6768,5524857
spero23,4949,792,5511599
maxlovezzang,2954,11165,5389953
susenhwa,2462,2248,5360445
dal9548,2905,848,5342904
hisilvia,8918,3742,5315910
23275443,6219,2323,5283592
japanya,1444,5255,5250521
rabbit_1219,3092,951,5197161
skadl0191,2422,732,5121355
dbal0336,3384,1316,5102841
ssong_mom,2053,4022,5084411
eye4y,5425,4768,5043407
pyask0702,3359,9725,4983776
asteroid6,3697,1515,4919386
yj1005k,7494,4088,4853384
wseblove,1886,4325,4735300
guebyul,3095,2788,4721178
md0922,6060,4888,4716054
dnks0206,9155,2467,4714069
ssieie,13073,6662,4685635
nomh2010,5671,3026,4599583
berebere21,14929,490,4560779
mitico,17286,1090,4405437
pine0722,9889,602,4353377
ginapark1004,6490,3912,4263908
blossomjsr,3702,1286,4221310
md675222,19703,770,4157362
leetmdnlxm,3560,5447,4135744
chlguswls063,717,2599,4131285
kimyswife,3218,2171,4115851
lsh17092,2820,2872,4083317
dodolee92,3203,5611,4049622
sophia_gt,7852,500,4047828
p1ayme,1353,1887,4039311
hh265587,4242,168,4030531
durivia,3125,2011,3973928
hou0314,1197,2456,3973186
colray,772,632,3961209
snd01028,3985,2642,3950235
forever2131,1744,3539,3933946
cubbobbo,2811,4441,3878620
shms0227,1024,3204,3820888
chldmswls010,1824,2389,3804982
coolcat1009,6078,1502,3778421
aspasia2,3858,4247,3748830
chdklove,2541,814,3735993
jeehsong,4962,1105,3724424
dbowie00,1108,517,3723345
23people2000,4966,2460,3681091
ppo1127,1249,5041,3643202
date5753,15775,2237,3605524
reina1124,1561,1685,3567977
dbsdud27,2188,6453,3563889
weeeunjee,4622,5463,3544243
wonheada,8803,1510,3544124
proinvest,1996,640,3536480
huchi0070,4686,9372,3508669
1979uni,2836,3543,3499347
dladhkdfkr,1403,2592,3462589
babo1004y,951,2709,3439384
move0520,4303,2501,3418871
yunamaro,2773,4098,3370402
essadama,23637,745,3341575
silvermi507,2605,650,3328788
limyeon1110,2827,2864,3300457
moonxsun,1989,4236,3298270
jkaursky,2799,643,3285136
kesma,3034,535,3279967
majara78,1997,2668,3252439
ocoohs,3813,905,3244578
k940425,1713,2311,3226095
uastyle,7111,926,3185463
tinynova,4509,1785,3167116
iam_chew,897,509,3166776
kor_choppers,3781,1452,3151119
claudively,2518,1744,3137152
kikijayoung,1495,2620,3114335
kawaiikim83,983,1837,3094774
ganji_flower,1722,1059,3086965
nanami_0406,260,806,3012731
tjfflqmdl,2228,3757,2969718
dudtns1112,4260,3427,2968377
sanjizoro1,3842,3434,2968243
aaa8402,2906,2063,2967848
komjung2,1672,2105,2965755
spero2514,3293,3082,2956022
happy-luna,4812,10012,2953133
tbvjaka012012,2681,4155,2889937
flhd1004,2526,3247,2888440
thymeyun,852,3854,2874949
leeshgreen,2078,2136,2873321
cinemacusine,3878,2101,2858668
discast74,2628,1693,2858492
baboname,1019,687,2855482
namultoday,2441,1569,2851210
ranaskitchen,13513,1168,2846841
sibang78,1508,800,2841453
ohssinim,2292,1280,2838807
hskim4127,4807,1580,2836434
suksm3,4989,648,2799123
the_love_yeoni,1585,2820,2799072
g_ny,922,2707,2791293
jihye2323,5990,790,2786598
melissa0716,954,1979,2782072
clara777,1393,891,2774185
rwhite1982,2055,1318,2713151
rntrntrnt00,2535,3940,2644438
sirin1004,2203,3310,2640692
totoro_963,1457,2239,2607707
xoxo6514,6003,3860,2605475
mamycook,3088,203,2589461
lucky6293,1409,1726,2575917
2012spoon,3705,2208,2571780
5538649,4495,7107,2542551
jasmin7141,1306,1672,2537226
whdgnl100,1325,2657,2500684
goldfish1043,1911,2202,2464540
realblue88,2213,1491,2444663
kkyk01,2291,551,2443492
gamjayuna,1537,1510,2429618
jisaeggi282,1166,671,2417419
todaylike,2015,2197,2380517
jsuh1117,3323,181,2376797
violetjeun,1923,1012,2370821
ndg98040,649,3097,2363209
ha_yeah,2918,1842,2344233
loveme90000,2329,4316,2335013
ochawonjiha,1943,435,2325711
creamsweet11,1028,1674,2323177
ossae,3784,448,2309711
icde119,2920,352,2292096
inging03,4362,1148,2282919
my_k3,1638,1237,2282166
lucky9078,1264,821,2264634
okybali123,6126,6322,2243882
dolmory9,5815,2463,2239493
pingko14,3303,4417,2226465
princesshje,1553,1801,2221085
gop310514,1692,325,2194636
unamii,1728,825,2183205
busantravel1,2530,1799,2170355
rna6983,3284,1139,2166762
xiaomianhu,2591,155,2153880
sweetmamang,2517,694,2152551
marian0,2844,183,2126197
anju4444,4675,1445,2104820
ttlnews,1769,151,2078461
michiko717,1850,1840,2074281
22woom,1278,1672,2067569
hanim_choi,5150,1031,2066241
ddha07,2796,1000,2065178
loveshine707,3065,1546,2060882
quattroher,3340,2227,2016162
gonging123,841,1063,2010295
jblucka,1003,2244,1972788
bbang2jjoa,1190,1459,1962810
starexone,2632,1621,1951736
alison_kk,7296,0,1931777
joodaso,1592,849,1919173
teemogogo,873,1009,1917779
aby73,3196,15694,1909295
bhnx52,528,1330,1896044
icdiarf,766,1200,1880195
maybe_lin,4099,962,1842300
hyghhu,1017,1565,1805368
gkmovingon,3206,2243,1795334
osolo123,1068,2323,1745221
quedubonheur,3774,141,1741401
fidfid0418,1812,871,1737917
gkduwls863,1673,1981,1735307
jinminana,7315,415,1718555
cnblue1141,157,710,1711842
tablestorystudio,1699,1696,1710534
sugarberrys,3067,6036,1673972
yanghge19,707,741,1656403
pearlpark11,1255,1840,1654125
yyyjjj1735,1402,658,1651987
tnwl6363,1093,1466,1650542
ohk225,2682,674,1616178
ruuqld,2707,2214,1613543
kbj2747,453,5283,1597563
shijihyu,984,590,1590874
hoo2524,1578,9079,1571796
yehyang0512,1497,265,1563002
wook6702,486,494,1562793
best686,973,1496,1560215
lj6951,327,1010,1559286
jiwang12,3587,2858,1556468
bysoykim,1176,827,1515032
jonny_j_lee,2778,675,1504808
dison001,1812,215,1476495
cavaro910,423,2900,1471466
chichi0220,1821,288,1456134
icecafe91,701,289,1448518
haje88,1761,1210,1445426
jar8694,3969,1335,1434328
srlee2623,633,6334,1426824
bigsea21,2709,892,1423213
pms7844,340,361,1423033
2124524,661,488,1421297
sj2g,1149,687,1406584
hanstar_94,2166,2453,1403099
dear_elena,2000,1126,1399639
pphuisu,2889,2368,1383412
masuri0303,474,323,1382520
dudwl0422,679,1065,1374897
pak3806,494,2639,1373008
paychey,7910,305,1365432
6143130,1265,1742,1343514
opop525,380,2041,1340534
lab506,1243,1070,1312015
netycall,4448,171,1303539
bluessuny12,1217,1125,1301874
kiselly,1562,596,1290470
damda223,3382,549,1279647
diamonds8,720,388,1278975
92_song,1515,2719,1273196
plus_jay,1793,1138,1260944
asdfy,1074,3206,1258254
oozun,1783,259,1254141
kibi3,214,1443,1251339
realtorgirl,635,833,1237807
likeyyang,3237,0,1236441
par0538,1764,1289,1235389
cjhyun93,93,1279,1232539
dawoni82,19282,1429,1221209
gkdud5505,793,2902,1209896
hye6568,486,1099,1203560
0104jinny,1183,1286,1197931
known2727,871,823,1191890
bananajus7,768,1160,1185534
sje4842,1462,754,1178711
ejkim100433,962,1899,1163958
urmymiracle,537,1328,1157985
poopoo02,441,438,1129627
jmj0544,1095,535,1129417
leehc3000,362,206,1123365
naneknanek,1199,1823,1115186
tm7rl1,354,503,1111365
hyeji9691,3995,1035,1088686
daybook_k,1341,492,1073895
misshye93,587,220,1070818
withsuan,929,269,1069549
puretearing,5108,365,1046480
studinggirl2,600,109,1040291
seamarket0,1077,877,1035196
tnrgud9004,753,1891,1028527
story2man,1199,190,1011794
y___eun,635,944,989098
rkduddk00,687,753,978151
kunis,334,1034,970723
papyrusy,2318,516,955499
4chan_org,817,701,951065
cutefox19,606,955,941093
moon_1515,1158,233,925631
hyonison,267,2318,924490
sun831024,1869,1462,924128
baby_nn,2738,1473,911152
myeongju0219,455,825,905769
s2emong,887,621,904549
silkyej,346,648,903684
hj9529,336,1149,903606
ijinijin03,1339,625,890480
yoogane2002,3064,302,882378
joy2267,236,425,880030
sardonic77,973,592,878627
podo_hyoni,1952,1796,873387
0watergirl0,275,1593,872848
alwls2589,1231,676,867273
sstyle777,904,1038,865084
anih1107,781,829,862633
yexxl,3863,732,847167
6_blossom,707,645,839906
showmethe486,1149,692,828254
withlove86,1068,394,822794
rain4free,556,559,817680
naesan93,791,784,812367
woojujob,702,705,811324
start89,573,827,808560
jjuya9515,1175,772,808253
wjsdmsgml7,169,1140,803421
kea1313,1231,344,778422
yungiyun7788,725,946,757873
odd_alex,180,765,755286
sogood1005,780,50,750977
boradoli_o,1747,669,741113
ysh9625,876,108,734609
milksnow7,1752,449,733529
jinah1983,327,373,726494
dayoung7891,318,5678,695075
sj1001sj,716,400,683442
wnsgml97,258,821,682752
unpretty33,2171,1028,680999
yjiong,959,1438,672975
munjinaa,438,169,668278
top217,306,348,668035
desijet1,135,836,647097
milkyway218,678,1729,640033
ydk349,822,619,638817
poealpeho,829,950,626157
jhhsy80,1189,606,626064
milmil_92,919,506,603718
kominheehaha,502,329,589642
qkqwjs,181,184,560030
961102,317,755,551129
hyeonji722,616,629,548678
rldudghk21,604,207,544631
yjhihi486,126,586,544374
s_ply,1560,798,535948
hoi25jung,425,282,534393
ddoung282,554,101,510873
ksi54,749,933,504162
shin0619sh,1347,74,499486
icecream2052,3368,257,483754
whoabc,287,1058,481550
finestsm,285,307,479251
syme1120,671,751,478418
lovemiss6,1411,502,476994
docu55,599,721,471156
chuyiyoung,660,328,459859
nada0147,91,66,453753
hehe26,1366,298,452791
suny2006,209,351,438109
crocotear,212,649,432313
kimyejin1206,135,382,419002
soyensia,240,697,406454
pokachip10,1072,66,405127
burningflame,189,2758,404394
dreamingaaa,1033,794,401110
cuisinart_kr,1372,388,386519
alfldudtkd,358,380,384116
bho995,93,268,370452
ceojgv,1339,75,362922
ilgiwoncom,705,149,355044
aaa2405,576,400,344188
useris,1235,139,336178
sunkistnr,513,641,335036
smunoon,1652,115,324244
isdc219,649,267,323343
sidegirl,134,315,321486
bigsun1124,1961,1654,319817
jesusk92,194,1507,311072
holystar5,894,319,302230
cooknhappy,746,115,299996
gracebarn,272,237,295133
shguswls3773,223,678,293551
dljaxsqeaz,854,295,288634
iamyourmedic,197,218,284088
aeeb__hhh,198,422,267015
whgpswn,877,135,265320
fishing_kang,371,133,260981
dmschae,136,458,258215
yhj1985,236,179,251955
babepoohjin,1526,230,230826
eehana5963,941,950,229314
nsmd0604,186,719,223571
khgfg,669,222,223250
rkgml262,242,70,215035
opert24,158,328,214066
oedojs55,96,157,212740
verryann,137,244,197258
kidultmall,301,63,194206
seungah1102,150,41,176359
csj_theblue,152,255,174678
chocosongii,95,525,171914
sensibly8516,1665,310,168861
jjin135135,202,874,158255
skdpfl23,229,18,145556
wood3121,536,101,141208
yyj9866,499,158,134250
gina171,34,661,124927
0718e,119,127,118895
ds5chg23,370,105,114047
ryung004,174,720,113482
ryehwlq,185,281,108691
jhn0210,799,316,103431
tkfkd2510,150,459,96435
prebean,812,54,87998
faedsw,112,383,75168
sweetspring6,139,79,71594
hk00700,168,79,69312
easy292,48,184,62881
sauten1400,143,76,57291
hot_cola7,84,35,39153
ladakh1,0,0,0
